grna_id,grna_sequence,grna_length,gc_content,cfd_score,off_target_score,hbf_induction_percent,sequence_numeric,successful_edit
gRNA_0000,AAGCTCCACTCACAACGGCGTT,22,0.5454545454545454,81.1290992740837,0.21105866801222237,6.777842571200811,"[1, 1, 7, 3, 20, 3, 3, 1, 3, 20, 3, 1, 3, 1, 1, 3, 7, 7, 3, 7, 20, 20]",0
gRNA_0001,TGTTCCTTAGGCAACGAGACAG,22,0.5,88.94033163728425,1.049758454478214,6.558843657746093,"[20, 7, 20, 20, 3, 3, 20, 20, 1, 7, 7, 3, 1, 1, 3, 7, 1, 7, 1, 3, 1, 7]",0
gRNA_0002,GATAAGCTGGTCACTATGTGA,21,0.42857142857142855,74.36638340512528,0.04698551806264026,6.533677561723368,"[7, 1, 20, 1, 1, 7, 3, 20, 7, 7, 20, 3, 1, 3, 20, 1, 20, 7, 20, 7, 1]",0
gRNA_0003,CTGCGCCCATACTCCGAGCT,20,0.65,85.00740838682961,0.12767988423915255,10.428984218334811,"[3, 20, 7, 3, 7, 3, 3, 3, 1, 20, 1, 3, 20, 3, 3, 7, 1, 7, 3, 20]",0
gRNA_0004,ATGTCCAGCAATAGGAGGGCT,21,0.5238095238095238,85.33741312949901,0.5441632336770722,5.545241043469069,"[1, 20, 7, 20, 3, 3, 1, 7, 3, 1, 1, 20, 1, 7, 7, 1, 7, 7, 7, 3, 20]",0
gRNA_0005,TACGCACCCGTTTAAGGGCG,20,0.6,73.56815164866995,0.7131091003479939,6.675120153389055,"[20, 1, 3, 7, 3, 1, 3, 3, 3, 7, 20, 20, 20, 1, 1, 7, 7, 7, 3, 7]",0
gRNA_0006,CGAGACTAGCACACTAGTTAGC,22,0.5,32.11825373062023,0.48504559542297776,2.227082425901308,"[3, 7, 1, 7, 1, 3, 20, 1, 7, 3, 1, 3, 1, 3, 20, 1, 7, 20, 20, 1, 7, 3]",0
gRNA_0007,CGCATGTCTGACTCTGAATCA,21,0.47619047619047616,94.45165303882219,0.6246429988240272,8.37762305024739,"[3, 7, 3, 1, 20, 7, 20, 3, 20, 7, 1, 3, 20, 3, 20, 7, 1, 1, 20, 3, 1]",0
gRNA_0008,AGGTCTTGTCGCCTTGTGCAGG,22,0.5909090909090909,71.74364190532371,0.48872882738837664,2.8103914656497784,"[1, 7, 7, 20, 3, 20, 20, 7, 20, 3, 7, 3, 3, 20, 20, 7, 20, 7, 3, 1, 7, 7]",0
gRNA_0009,CTCCGATAGATAATGCTGGATG,22,0.45454545454545453,97.9066410575855,0.27789089779816456,8.667147420153682,"[3, 20, 3, 3, 7, 1, 20, 1, 7, 1, 20, 1, 1, 20, 7, 3, 20, 7, 7, 1, 20, 7]",0
gRNA_0010,CAACGGCCAAGCTGTACAAAG,21,0.5238095238095238,45.60365483989576,0.036160698855386156,6.1117034338710505,"[3, 1, 1, 3, 7, 7, 3, 3, 1, 1, 7, 3, 20, 7, 20, 1, 3, 1, 1, 1, 7]",0
gRNA_0011,TGCGGAACACCCAGTTGTGCA,21,0.5714285714285714,81.08500374488288,0.130772296330456,10.31959944909843,"[20, 7, 3, 7, 7, 1, 1, 3, 1, 3, 3, 3, 1, 7, 20, 20, 7, 20, 7, 3, 1]",0
gRNA_0012,CAAATCCTCAGAGGTCAGTCT,21,0.47619047619047616,91.51222237878096,0.20273710780939014,7.245665677978165,"[3, 1, 1, 1, 20, 3, 3, 20, 3, 1, 7, 1, 7, 7, 20, 3, 1, 7, 20, 3, 20]",0
gRNA_0013,CCCCATTCGTTGGAAACCTACT,22,0.5,66.15249640540442,0.3138766361302825,6.13014117616176,"[3, 3, 3, 3, 1, 20, 20, 3, 7, 20, 20, 7, 7, 1, 1, 1, 3, 3, 20, 1, 3, 20]",0
gRNA_0014,GAGAGGCGTTCCTCGGTTTTG,21,0.5714285714285714,54.53614967712197,0.052462819219174624,6.846974359282177,"[7, 1, 7, 1, 7, 7, 3, 7, 20, 20, 3, 3, 20, 3, 7, 7, 20, 20, 20, 20, 7]",0
gRNA_0015,GCGGAACTTTCTGGAGCTCGA,21,0.5714285714285714,80.30767340487449,0.02163663619269264,9.123966673333472,"[7, 3, 7, 7, 1, 1, 3, 20, 20, 20, 3, 20, 7, 7, 1, 7, 3, 20, 3, 7, 1]",0
gRNA_0016,CACGATTGAATTGAAGATAAAC,22,0.3181818181818182,72.9901859890815,0.1141742657683264,7.726182947487628,"[3, 1, 3, 7, 1, 20, 20, 7, 1, 1, 20, 20, 7, 1, 1, 7, 1, 20, 1, 1, 1, 3]",0
gRNA_0017,TCGGATCTGAACAGGAGCTA,20,0.5,43.780295427028534,0.11038193525768845,6.534135208605347,"[20, 3, 7, 7, 1, 20, 3, 20, 7, 1, 1, 3, 1, 7, 7, 1, 7, 3, 20, 1]",0
gRNA_0018,GTTTTATTGGGGTCTTGCAAGA,22,0.4090909090909091,87.1324489057601,0.093449326903272,7.218145995910456,"[7, 20, 20, 20, 20, 1, 20, 20, 7, 7, 7, 7, 20, 3, 20, 20, 7, 3, 1, 1, 7, 1]",0
gRNA_0019,TTAATGTAGGTTCTAGGGTAGT,22,0.36363636363636365,88.04352487782788,0.49382132961703157,8.73634775417832,"[20, 20, 1, 1, 20, 7, 20, 1, 7, 7, 20, 20, 3, 20, 1, 7, 7, 7, 20, 1, 7, 20]",0
gRNA_0020,CGACGCATGCCCAGGCTGGA,20,0.7,78.94181492353205,0.4004240246768912,6.150906083386577,"[3, 7, 1, 3, 7, 3, 1, 20, 7, 3, 3, 3, 1, 7, 7, 3, 20, 7, 7, 1]",0
gRNA_0021,GTGCACCTACGGTAACCTGG,20,0.6,84.89406853639072,0.23076638846314945,8.998967312866537,"[7, 20, 7, 3, 1, 3, 3, 20, 1, 3, 7, 7, 20, 1, 1, 3, 3, 20, 7, 7]",0
gRNA_0022,TTTATCTCCAGTTCATACAAGG,22,0.36363636363636365,92.38452125981958,0.027895173194467417,10.097113850680339,"[20, 20, 20, 1, 20, 3, 20, 3, 3, 1, 7, 20, 20, 3, 1, 20, 1, 3, 1, 1, 7, 7]",0
gRNA_0023,TAGGTCACGGGAAGACTTTAT,21,0.42857142857142855,90.92898600665052,0.026361271540201278,10.128008210925213,"[20, 1, 7, 7, 20, 3, 1, 3, 7, 7, 7, 1, 1, 7, 1, 3, 20, 20, 20, 1, 20]",0
gRNA_0024,ATCGATTGCGCAGAGCCTGT,20,0.55,81.2734157994092,0.5833940764101726,3.2271264130627495,"[1, 20, 3, 7, 1, 20, 20, 7, 3, 7, 3, 1, 7, 1, 7, 3, 3, 20, 7, 20]",0
gRNA_0025,ACGAGAAGGAGACCCAGTTT,20,0.5,98.9769159051599,0.07628843965626998,10.800963927078723,"[1, 3, 7, 1, 7, 1, 1, 7, 7, 1, 7, 1, 3, 3, 3, 1, 7, 20, 20, 20]",0
gRNA_0026,TCAGTACTCACACCAGTAATCG,22,0.45454545454545453,65.58776537644353,0.008266537173356094,6.327852279674359,"[20, 3, 1, 7, 20, 1, 3, 20, 3, 1, 3, 1, 3, 3, 1, 7, 20, 1, 1, 20, 3, 7]",0
gRNA_0027,AAGCACACTGACTAAGCATAC,21,0.42857142857142855,15.62917866646926,0.0698179299846578,5.505001975792574,"[1, 1, 7, 3, 1, 3, 1, 3, 20, 7, 1, 3, 20, 1, 1, 7, 3, 1, 20, 1, 3]",0
gRNA_0028,CAGTCTGGTACCGGAATCAC,20,0.55,63.1954867529652,0.2280876827621119,6.100205915213805,"[3, 1, 7, 20, 3, 20, 7, 7, 20, 1, 3, 3, 7, 7, 1, 1, 20, 3, 1, 3]",0
gRNA_0029,GCCACCAGGGACACTTTGGAG,21,0.6190476190476191,29.06111715865046,0.2658108950470904,6.605725886226692,"[7, 3, 3, 1, 3, 3, 1, 7, 7, 7, 1, 3, 1, 3, 20, 20, 20, 7, 7, 1, 7]",0
gRNA_0030,ACGATGCAAGGAACGGCAGGC,21,0.6190476190476191,92.19052445071368,0.3175489592877801,8.062398516949631,"[1, 3, 7, 1, 20, 7, 3, 1, 1, 7, 7, 1, 1, 3, 7, 7, 3, 1, 7, 7, 3]",0
gRNA_0031,TCTAGACACTGTCCTTTGTATC,22,0.4090909090909091,94.0341239299313,0.02750544342094586,8.282095993815277,"[20, 3, 20, 1, 7, 1, 3, 1, 3, 20, 7, 20, 3, 3, 20, 20, 20, 7, 20, 1, 20, 3]",0
gRNA_0032,CGCCTCTTACTGGATCCCATG,21,0.5714285714285714,98.34791870631513,0.5892921335136713,6.611784511430997,"[3, 7, 3, 3, 20, 3, 20, 20, 1, 3, 20, 7, 7, 1, 20, 3, 3, 3, 1, 20, 7]",0
gRNA_0033,CCTCTGCCAATAGTACATAATT,22,0.36363636363636365,62.19547384967768,0.8687984808315424,1.5201051643284886,"[3, 3, 20, 3, 20, 7, 3, 3, 1, 1, 20, 1, 7, 20, 1, 3, 1, 20, 1, 1, 20, 20]",0
gRNA_0034,GATGGCACACGCACTCGCGGG,21,0.7142857142857143,73.13964215923995,0.21440179604105497,8.478621927408131,"[7, 1, 20, 7, 7, 3, 1, 3, 1, 3, 7, 3, 1, 3, 20, 3, 7, 3, 7, 7, 7]",0
gRNA_0035,ACTTCCTACACAAATAGATTCA,22,0.3181818181818182,51.37830630289145,0.08286172604606419,9.217198021939701,"[1, 3, 20, 20, 3, 3, 20, 1, 3, 1, 3, 1, 1, 1, 20, 1, 7, 1, 20, 20, 3, 1]",0
gRNA_0036,TAACTAACTGGCGTGGTATAA,21,0.38095238095238093,41.74245977034614,0.26945975262727445,4.468941764282116,"[20, 1, 1, 3, 20, 1, 1, 3, 20, 7, 7, 3, 7, 20, 7, 7, 20, 1, 20, 1, 1]",0
gRNA_0037,AGATCGGGTACCCTTATTTAA,21,0.38095238095238093,28.659923947560884,0.258890064289352,3.2333620097339004,"[1, 7, 1, 20, 3, 7, 7, 7, 20, 1, 3, 3, 3, 20, 20, 1, 20, 20, 20, 1, 1]",0
gRNA_0038,CGTGGTTAGTTTCAATTTTGA,21,0.3333333333333333,54.667535892863924,0.15846630817992838,10.677457030850995,"[3, 7, 20, 7, 7, 20, 20, 1, 7, 20, 20, 20, 3, 1, 1, 20, 20, 20, 20, 7, 1]",0
gRNA_0039,ACGCACTTTCCGGAATGACC,20,0.55,97.21903231368255,0.4486221216224862,4.579700193370359,"[1, 3, 7, 3, 1, 3, 20, 20, 20, 3, 3, 7, 7, 1, 1, 20, 7, 1, 3, 3]",0
gRNA_0040,CATGGACTCGCCGGCCTATT,20,0.6,29.192253025124536,0.23044984811246147,8.325701027057324,"[3, 1, 20, 7, 7, 1, 3, 20, 3, 7, 3, 3, 7, 7, 3, 3, 20, 1, 20, 20]",0
gRNA_0041,GATCCAGCGCACTACGCTGT,20,0.6,6.5788751390236335,0.09936349217497599,2.8339096916919204,"[7, 1, 20, 3, 3, 1, 7, 3, 7, 3, 1, 3, 20, 1, 3, 7, 3, 20, 7, 20]",0
gRNA_0042,AATCCGCACGTTGATGACGGAG,22,0.5454545454545454,88.62231124339914,0.2223917984834449,8.803106819714255,"[1, 1, 20, 3, 3, 7, 3, 1, 3, 7, 20, 20, 7, 1, 20, 7, 1, 3, 7, 7, 1, 7]",0
gRNA_0043,GGACATTGACAATCTACAAGCA,22,0.4090909090909091,41.45874989223423,0.14442550123750694,5.219360300065969,"[7, 7, 1, 3, 1, 20, 20, 7, 1, 3, 1, 1, 20, 3, 20, 1, 3, 1, 1, 7, 3, 1]",0
gRNA_0044,CACTTGCATAACGTAGTTGGTG,22,0.45454545454545453,52.61856422851441,0.3464984484522282,3.6620768342495587,"[3, 1, 3, 20, 20, 7, 3, 1, 20, 1, 1, 3, 7, 20, 1, 7, 20, 20, 7, 7, 20, 7]",0
gRNA_0045,CATGGCTTTTCGATTGAAGGCA,22,0.45454545454545453,71.0254331276839,0.07894809573825116,5.036402237917033,"[3, 1, 20, 7, 7, 3, 20, 20, 20, 20, 3, 7, 1, 20, 20, 7, 1, 1, 7, 7, 3, 1]",0
gRNA_0046,AGGGACAAAAGCACCTTCAGTA,22,0.45454545454545453,58.51393755458298,0.019973620375367936,4.074408917199684,"[1, 7, 7, 7, 1, 3, 1, 1, 1, 1, 7, 3, 1, 3, 3, 20, 20, 3, 1, 7, 20, 1]",0
gRNA_0047,CAACCAAGTGAGCCGGCTAA,20,0.55,97.70201180943867,0.2607029147843067,8.825247003023415,"[3, 1, 1, 3, 3, 1, 1, 7, 20, 7, 1, 7, 3, 3, 7, 7, 3, 20, 1, 1]",0
gRNA_0048,GGCCTGTAAATGGATCACTGG,21,0.5238095238095238,62.50525730794701,0.09878425898049979,5.278495409073343,"[7, 7, 3, 3, 20, 7, 20, 1, 1, 1, 20, 7, 7, 1, 20, 3, 1, 3, 20, 7, 7]",0
gRNA_0049,GTATGGATCAAACATAGAGTA,21,0.3333333333333333,73.29214586646468,0.07738156112138303,10.96692932300999,"[7, 20, 1, 20, 7, 7, 1, 20, 3, 1, 1, 1, 3, 1, 20, 1, 7, 1, 7, 20, 1]",0
gRNA_0050,GTATCTAGAAGGCGAGAGGCGC,22,0.5909090909090909,95.71095591784461,0.22384764075749133,8.030849332497521,"[7, 20, 1, 20, 3, 20, 1, 7, 1, 1, 7, 7, 3, 7, 1, 7, 1, 7, 7, 3, 7, 3]",0
gRNA_0051,TGACTGGTACTGGCGACGCTAG,22,0.5909090909090909,72.99296643266311,0.4461241066230415,8.167733734348863,"[20, 7, 1, 3, 20, 7, 7, 20, 1, 3, 20, 7, 7, 3, 7, 1, 3, 7, 3, 20, 1, 7]",0
gRNA_0052,AAGGAAGATTTTTGATAGGTAC,22,0.3181818181818182,14.792474176171716,0.761647412100938,6.365322175304517,"[1, 1, 7, 7, 1, 1, 7, 1, 20, 20, 20, 20, 20, 7, 1, 20, 1, 7, 7, 20, 1, 3]",0
gRNA_0053,GTCCGCAACGCTATATAGTGTA,22,0.45454545454545453,94.24737148311394,0.4692236442111265,6.059184506800777,"[7, 20, 3, 3, 7, 3, 1, 1, 3, 7, 3, 20, 1, 20, 1, 20, 1, 7, 20, 7, 20, 1]",0
gRNA_0054,CACTGCCCACTTGCCCCTAAG,21,0.6190476190476191,78.72369468241082,0.2613212636114448,9.645240227705266,"[3, 1, 3, 20, 7, 3, 3, 3, 1, 3, 20, 20, 7, 3, 3, 3, 3, 20, 1, 1, 7]",0
gRNA_0055,CTAAAGTGCGAAATGATGCTT,21,0.38095238095238093,55.808970674988956,0.9641141070551714,6.761603306398118,"[3, 20, 1, 1, 1, 7, 20, 7, 3, 7, 1, 1, 1, 20, 7, 1, 20, 7, 3, 20, 20]",0
gRNA_0056,CACACACGACCAGACAGCAG,20,0.6,75.63518231059966,0.2398202640855006,5.683428520626372,"[3, 1, 3, 1, 3, 1, 3, 7, 1, 3, 3, 1, 7, 1, 3, 1, 7, 3, 1, 7]",0
gRNA_0057,CCACGGGTAAAGTGGATCATC,21,0.5238095238095238,87.37346819812319,0.26845014826495056,4.891047246404238,"[3, 3, 1, 3, 7, 7, 7, 20, 1, 1, 1, 7, 20, 7, 7, 1, 20, 3, 1, 20, 3]",0
gRNA_0058,ACGTTCGCTGTAGACCGACGAC,22,0.5909090909090909,71.65088929510667,0.20469975661592105,9.425957901006747,"[1, 3, 7, 20, 20, 3, 7, 3, 20, 7, 20, 1, 7, 1, 3, 3, 7, 1, 3, 7, 1, 3]",0
gRNA_0059,TTAGGATAGACAGTCACGGT,20,0.45,58.46391299724429,0.5085268763907378,5.946029397822725,"[20, 20, 1, 7, 7, 1, 20, 1, 7, 1, 3, 1, 7, 20, 3, 1, 3, 7, 7, 20]",0
gRNA_0060,GAGACCTCGCTAAATCTCAA,20,0.45,96.50593022160163,0.33090312567511027,4.723026941357677,"[7, 1, 7, 1, 3, 3, 20, 3, 7, 3, 20, 1, 1, 1, 20, 3, 20, 3, 1, 1]",0
gRNA_0061,TTGTGCACGGATTTGATGGG,20,0.5,66.73763006655051,0.038936882222896624,8.121777480040487,"[20, 20, 7, 20, 7, 3, 1, 3, 7, 7, 1, 20, 20, 20, 7, 1, 20, 7, 7, 7]",0
gRNA_0062,ACAAATATGGCGGCGCAGAAT,21,0.47619047619047616,64.77541437917442,0.6780541986550969,5.6064689896420425,"[1, 3, 1, 1, 1, 20, 1, 20, 7, 7, 3, 7, 7, 3, 7, 3, 1, 7, 1, 1, 20]",0
gRNA_0063,CCTGTGTACAGAAGGGACCGG,21,0.6190476190476191,14.171395392467861,0.12808225597264197,3.851999760726523,"[3, 3, 20, 7, 20, 7, 20, 1, 3, 1, 7, 1, 1, 7, 7, 7, 1, 3, 3, 7, 7]",0
gRNA_0064,AAAGATGGACGTCCACTTCG,20,0.5,20.72652270542558,0.3438968530343207,4.608671718304158,"[1, 1, 1, 7, 1, 20, 7, 7, 1, 3, 7, 20, 3, 3, 1, 3, 20, 20, 3, 7]",0
gRNA_0065,GGTGTCTAACACTAGCAAAAGG,22,0.45454545454545453,68.55877566357125,0.06994657969021159,9.812222294265295,"[7, 7, 20, 7, 20, 3, 20, 1, 1, 3, 1, 3, 20, 1, 7, 3, 1, 1, 1, 1, 7, 7]",0
gRNA_0066,TGAAACCGCAAAAGGTCTGCA,21,0.47619047619047616,87.59027153516861,0.6740119156375836,5.840766350056611,"[20, 7, 1, 1, 1, 3, 3, 7, 3, 1, 1, 1, 1, 7, 7, 20, 3, 20, 7, 3, 1]",0
gRNA_0067,CCGTATTGTGCAATGTCGAATA,22,0.4090909090909091,24.45185367942385,0.04785260028210207,4.625213744736091,"[3, 3, 7, 20, 1, 20, 20, 7, 20, 7, 3, 1, 1, 20, 7, 20, 3, 7, 1, 1, 20, 1]",0
gRNA_0068,GATACCTTTCAGGTGCAGTA,20,0.45,26.071533021702574,0.04077199387821111,4.623659610968991,"[7, 1, 20, 1, 3, 3, 20, 20, 20, 3, 1, 7, 7, 20, 7, 3, 1, 7, 20, 1]",0
gRNA_0069,TGCCGGGCGACTGCGAAGTATG,22,0.6363636363636364,50.84036423509593,0.18917284309659024,6.6868431227670575,"[20, 7, 3, 3, 7, 7, 7, 3, 7, 1, 3, 20, 7, 3, 7, 1, 1, 7, 20, 1, 20, 7]",0
gRNA_0070,GGTATTTCGCTCAATGCAGC,20,0.5,58.48360999621966,0.3222022471261393,3.13470013906189,"[7, 7, 20, 1, 20, 20, 20, 3, 7, 3, 20, 3, 1, 1, 20, 7, 3, 1, 7, 3]",0
gRNA_0071,CCTTAGGGCGTTTCGGTCTT,20,0.55,19.657249266301168,0.1683963642341279,5.82243410362482,"[3, 3, 20, 20, 1, 7, 7, 7, 3, 7, 20, 20, 20, 3, 7, 7, 20, 3, 20, 20]",0
gRNA_0072,TCCACGCGGAGTGGACGCAT,20,0.65,57.708543074952615,0.07789647314447146,7.887262949348189,"[20, 3, 3, 1, 3, 7, 3, 7, 7, 1, 7, 20, 7, 7, 1, 3, 7, 3, 1, 20]",0
gRNA_0073,ATGCTGCGTATTAGACGGTCC,21,0.5238095238095238,49.691867589770176,0.12925335855676354,5.569406337623443,"[1, 20, 7, 3, 20, 7, 3, 7, 20, 1, 20, 20, 1, 7, 1, 3, 7, 7, 20, 3, 3]",0
gRNA_0074,CTACGTTCCCCGGATATTTA,20,0.45,23.204126788550635,0.2617323284548737,5.686957259046757,"[3, 20, 1, 3, 7, 20, 20, 3, 3, 3, 3, 7, 7, 1, 20, 1, 20, 20, 20, 1]",0
gRNA_0075,CCGCCTTAGGTGGAGTTGTC,20,0.6,75.15944586876088,1.0376831619040892,5.375815552116374,"[3, 3, 7, 3, 3, 20, 20, 1, 7, 7, 20, 7, 7, 1, 7, 20, 20, 7, 20, 3]",0
gRNA_0076,ACACACGCTGGCTTCGAGGG,20,0.65,96.2011254406915,0.13579237400270144,8.524287544137296,"[1, 3, 1, 3, 1, 3, 7, 3, 20, 7, 7, 3, 20, 20, 3, 7, 1, 7, 7, 7]",0
gRNA_0077,CTGGCGCAAGTGATGGTAGG,20,0.6,53.49261331139371,0.4817344045082689,9.399046558956327,"[3, 20, 7, 7, 3, 7, 3, 1, 1, 7, 20, 7, 1, 20, 7, 7, 20, 1, 7, 7]",0
gRNA_0078,GTCCTTACATATAGTCCATG,20,0.4,96.00836437790754,0.6345449645893959,7.473095309606586,"[7, 20, 3, 3, 20, 20, 1, 3, 1, 20, 1, 20, 1, 7, 20, 3, 3, 1, 20, 7]",0
gRNA_0079,TGAGTCGTATCAGAACGTGGAA,22,0.45454545454545453,11.700235158564594,0.06349393658221605,7.075426395302018,"[20, 7, 1, 7, 20, 3, 7, 20, 1, 20, 3, 1, 7, 1, 1, 3, 7, 20, 7, 7, 1, 1]",0
gRNA_0080,ATAGTTTTTTGGGACCGTCTG,21,0.42857142857142855,94.31153691527433,0.5980931534885757,4.687378817942776,"[1, 20, 1, 7, 20, 20, 20, 20, 20, 20, 7, 7, 7, 1, 3, 3, 7, 20, 3, 20, 7]",0
gRNA_0081,TCCGTACCGGTTAACGGGCA,20,0.6,71.4275382134685,0.15786975599744563,2.894091090838592,"[20, 3, 3, 7, 20, 1, 3, 3, 7, 7, 20, 20, 1, 1, 3, 7, 7, 7, 3, 1]",0
gRNA_0082,TAAACTTATTCAGTGTGCGTT,21,0.3333333333333333,65.17230405908194,0.12405734659159248,10.040831368634823,"[20, 1, 1, 1, 3, 20, 20, 1, 20, 20, 3, 1, 7, 20, 7, 20, 7, 3, 7, 20, 20]",0
gRNA_0083,TTGCCGAACACCGTGTTGCTC,21,0.5714285714285714,88.30968366715612,0.24973037609003929,5.424034838900727,"[20, 20, 7, 3, 3, 7, 1, 1, 3, 1, 3, 3, 7, 20, 7, 20, 20, 7, 3, 20, 3]",0
gRNA_0084,AACGGGTTCGTGGTTGTAAAGA,22,0.45454545454545453,41.177805827291046,0.07529429537302194,6.475301280371005,"[1, 1, 3, 7, 7, 7, 20, 20, 3, 7, 20, 7, 7, 20, 20, 7, 20, 1, 1, 1, 7, 1]",0
gRNA_0085,TTATCTGTTGTCGTTTTTAAA,21,0.23809523809523808,94.39583084161771,0.26391480705356296,12.437971790584003,"[20, 20, 1, 20, 3, 20, 7, 20, 20, 7, 20, 3, 7, 20, 20, 20, 20, 20, 1, 1, 1]",0
gRNA_0086,ACTTATCGACTATATTAGCCC,21,0.38095238095238093,41.477596968513794,0.2006221207015261,8.206069881571922,"[1, 3, 20, 20, 1, 20, 3, 7, 1, 3, 20, 1, 20, 1, 20, 20, 1, 7, 3, 3, 3]",0
gRNA_0087,CCGTTATAACGACTTAAATAAA,22,0.2727272727272727,60.668787782580814,1.144767067389289,5.872388683658184,"[3, 3, 7, 20, 20, 1, 20, 1, 1, 3, 7, 1, 3, 20, 20, 1, 1, 1, 20, 1, 1, 1]",0
gRNA_0088,GTACCCCTTACTAGGTCGCC,20,0.6,93.93870956854735,0.3496409163170869,7.413655969150881,"[7, 20, 1, 3, 3, 3, 3, 20, 20, 1, 3, 20, 1, 7, 7, 20, 3, 7, 3, 3]",0
gRNA_0089,ACTACCACGAATAGACTAATA,21,0.3333333333333333,89.31748229535145,0.13217511094066325,5.759213515312194,"[1, 3, 20, 1, 3, 3, 1, 3, 7, 1, 1, 20, 1, 7, 1, 3, 20, 1, 1, 20, 1]",0
gRNA_0090,CGTTAATGGCTGGTGGCCACAG,22,0.5909090909090909,99.0841693163823,0.014885248424484906,9.40744984199127,"[3, 7, 20, 20, 1, 1, 20, 7, 7, 3, 20, 7, 7, 20, 7, 7, 3, 3, 1, 3, 1, 7]",0
gRNA_0091,GATCGAATATGCCCAACCCAC,21,0.5238095238095238,86.69185175284666,0.08860510437841952,10.031085343316205,"[7, 1, 20, 3, 7, 1, 1, 20, 1, 20, 7, 3, 3, 3, 1, 1, 3, 3, 3, 1, 3]",0
gRNA_0092,GAGTTACAGCCTTCTGCGTAGC,22,0.5454545454545454,99.84661298956635,0.0613177156265387,10.663000586931895,"[7, 1, 7, 20, 20, 1, 3, 1, 7, 3, 3, 20, 20, 3, 20, 7, 3, 7, 20, 1, 7, 3]",0
gRNA_0093,TTAAACTCTATAAAGAGAGATG,22,0.2727272727272727,60.56388027028059,0.04702321048216141,9.731579428237499,"[20, 20, 1, 1, 1, 3, 20, 3, 20, 1, 20, 1, 1, 1, 7, 1, 7, 1, 7, 1, 20, 7]",0
gRNA_0094,TTCCCTAGAACGACGTCTCA,20,0.5,81.64192643814582,0.1943479261678015,6.020658558644822,"[20, 20, 3, 3, 3, 20, 1, 7, 1, 1, 3, 7, 1, 3, 7, 20, 3, 20, 3, 1]",0
gRNA_0095,GTGCCCTCGGTTTGAAGGCGT,21,0.6190476190476191,27.334028971350126,0.03702484858136607,5.93090009659032,"[7, 20, 7, 3, 3, 3, 20, 3, 7, 7, 20, 20, 20, 7, 1, 1, 7, 7, 3, 7, 20]",0
gRNA_0096,GCCAATCCAACTCAACCCGTGA,22,0.5454545454545454,93.1092714969496,0.4008169120190495,4.2125339123129155,"[7, 3, 3, 1, 1, 20, 3, 3, 1, 1, 3, 20, 3, 1, 1, 3, 3, 3, 7, 20, 7, 1]",0
gRNA_0097,TACGTAGTATACGAGAATATG,21,0.3333333333333333,90.88569218503476,0.04691067854877345,11.220780040837614,"[20, 1, 3, 7, 20, 1, 7, 20, 1, 20, 1, 3, 7, 1, 7, 1, 1, 20, 1, 20, 7]",0
gRNA_0098,GTAATCCCAGTGGGGGCTCC,20,0.65,52.10082674793629,0.22909967649986362,7.277267325498575,"[7, 20, 1, 1, 20, 3, 3, 3, 1, 7, 20, 7, 7, 7, 7, 7, 3, 20, 3, 3]",0
gRNA_0099,ACACCAGTTCGTGGAAACGT,20,0.5,73.36241432062953,0.20545539160303544,9.42541614838705,"[1, 3, 1, 3, 3, 1, 7, 20, 20, 3, 7, 20, 7, 7, 1, 1, 1, 3, 7, 20]",0
gRNA_0100,CCACGCCAGCAATTCGTCGCG,21,0.6666666666666666,71.48789231424388,0.1717278789248853,9.175240584396219,"[3, 3, 1, 3, 7, 3, 3, 1, 7, 3, 1, 1, 20, 20, 3, 7, 20, 3, 7, 3, 7]",0
gRNA_0101,TGAACATTCACGTAGTAAGAAG,22,0.36363636363636365,67.74815379150603,0.14981384729148733,8.529714368474096,"[20, 7, 1, 1, 3, 1, 20, 20, 3, 1, 3, 7, 20, 1, 7, 20, 1, 1, 7, 1, 1, 7]",0
gRNA_0102,CGCCTGATCCCATATTACATCC,22,0.5,59.97169086184224,0.1314683665328401,12.090169664747268,"[3, 7, 3, 3, 20, 7, 1, 20, 3, 3, 3, 1, 20, 1, 20, 20, 1, 3, 1, 20, 3, 3]",0
gRNA_0103,AGCCGATGGAAGGCTTCAGCC,21,0.6190476190476191,85.4590841972246,0.3094598160888916,8.489191546907508,"[1, 7, 3, 3, 7, 1, 20, 7, 7, 1, 1, 7, 7, 3, 20, 20, 3, 1, 7, 3, 3]",0
gRNA_0104,CGATTTAAGAGTACGTGATCTT,22,0.36363636363636365,99.45056217603884,0.21009085193350593,7.732143318134164,"[3, 7, 1, 20, 20, 20, 1, 1, 7, 1, 7, 20, 1, 3, 7, 20, 7, 1, 20, 3, 20, 20]",0
gRNA_0105,ATAGGGTCGGCCTCCACCTTAT,22,0.5454545454545454,42.803263425512306,0.4241670431413548,5.523448017763921,"[1, 20, 1, 7, 7, 7, 20, 3, 7, 7, 3, 3, 20, 3, 3, 1, 3, 3, 20, 20, 1, 20]",0
gRNA_0106,CACGCTACCCCGGAGTTTAA,20,0.55,60.006428744557105,0.00956380942166447,8.211242331341571,"[3, 1, 3, 7, 3, 20, 1, 3, 3, 3, 3, 7, 7, 1, 7, 20, 20, 20, 1, 1]",0
gRNA_0107,ACCATCTCCAAACACGCGAAT,21,0.47619047619047616,77.80245108348048,0.06311866308511237,5.133150618945965,"[1, 3, 3, 1, 20, 3, 20, 3, 3, 1, 1, 1, 3, 1, 3, 7, 3, 7, 1, 1, 20]",0
gRNA_0108,CTCCCTTTGACACTCAACCGG,21,0.5714285714285714,64.99623237746198,0.0023691595788680716,9.584382561684432,"[3, 20, 3, 3, 3, 20, 20, 20, 7, 1, 3, 1, 3, 20, 3, 1, 1, 3, 3, 7, 7]",0
gRNA_0109,TGAGGCATTTCCTCTTGTAC,20,0.45,93.24285636219865,0.12939324079124567,10.28013109263278,"[20, 7, 1, 7, 7, 3, 1, 20, 20, 20, 3, 3, 20, 3, 20, 20, 7, 20, 1, 3]",0
gRNA_0110,TCTTTAGCCCGCGAATCCCG,20,0.6,75.33458900174043,0.1657565199140424,11.720612002204224,"[20, 3, 20, 20, 20, 1, 7, 3, 3, 3, 7, 3, 7, 1, 1, 20, 3, 3, 3, 7]",0
gRNA_0111,CAAGGCCCTCCTGTAACCCTG,21,0.6190476190476191,76.98001470584302,0.6754339632706028,6.86112421105182,"[3, 1, 1, 7, 7, 3, 3, 3, 20, 3, 3, 20, 7, 20, 1, 1, 3, 3, 3, 20, 7]",0
gRNA_0112,AGAATGCAATTTACATTTTATC,22,0.22727272727272727,96.51032321625308,0.5670835271554974,6.39772328288803,"[1, 7, 1, 1, 20, 7, 3, 1, 1, 20, 20, 20, 1, 3, 1, 20, 20, 20, 20, 1, 20, 3]",0
gRNA_0113,TAACGGTCAGGGTTACTAGAAG,22,0.45454545454545453,56.50662226207892,0.39470143370677796,6.752729430145602,"[20, 1, 1, 3, 7, 7, 20, 3, 1, 7, 7, 7, 20, 20, 1, 3, 20, 1, 7, 1, 1, 7]",0
gRNA_0114,AGATGGTGGCTAGGCGCCCC,20,0.7,43.09593999908831,0.13509917678698083,11.35575796465491,"[1, 7, 1, 20, 7, 7, 20, 7, 7, 3, 20, 1, 7, 7, 3, 7, 3, 3, 3, 3]",0
gRNA_0115,ACCAAATCGTGAACCAGTAGA,21,0.42857142857142855,38.70763938389702,0.7320477561395224,5.547872643284966,"[1, 3, 3, 1, 1, 1, 20, 3, 7, 20, 7, 1, 1, 3, 3, 1, 7, 20, 1, 7, 1]",0
gRNA_0116,CGGTGTCGAGGTAAGAAGAGC,21,0.5714285714285714,46.5655182204057,0.04302579020656135,2.9633332919963102,"[3, 7, 7, 20, 7, 20, 3, 7, 1, 7, 7, 20, 1, 1, 7, 1, 1, 7, 1, 7, 3]",0
gRNA_0117,GAGTAAGGTTAAGGTTCCTGTG,22,0.45454545454545453,61.40005714859211,0.14121782575065658,7.934203130685863,"[7, 1, 7, 20, 1, 1, 7, 7, 20, 20, 1, 1, 7, 7, 20, 20, 3, 3, 20, 7, 20, 7]",0
gRNA_0118,CGTTCGGAAGCTTCCATCATG,21,0.5238095238095238,61.58530665398848,0.4182569038580561,8.939546859362856,"[3, 7, 20, 20, 3, 7, 7, 1, 1, 7, 3, 20, 20, 3, 3, 1, 20, 3, 1, 20, 7]",0
gRNA_0119,GATACGTCTTCTCGTCATCA,20,0.45,71.25126831446644,0.8232145815292906,3.304523481235715,"[7, 1, 20, 1, 3, 7, 20, 3, 20, 20, 3, 20, 3, 7, 20, 3, 1, 20, 3, 1]",0
gRNA_0120,CCCCGACTAATTCTGGCCGGTC,22,0.6363636363636364,66.9142831045681,0.015329822496077653,8.427633736878764,"[3, 3, 3, 3, 7, 1, 3, 20, 1, 1, 20, 20, 3, 20, 7, 7, 3, 3, 7, 7, 20, 3]",0
gRNA_0121,ATCGCGAAGACATCACGAAAA,21,0.42857142857142855,33.07179316331707,0.32651788727306086,6.683316864510682,"[1, 20, 3, 7, 3, 7, 1, 1, 7, 1, 3, 1, 20, 3, 1, 3, 7, 1, 1, 1, 1]",0
gRNA_0122,TCCTTAATTGATTGGCAGAT,20,0.35,96.62498607705345,0.6588733246835919,4.367250714469948,"[20, 3, 3, 20, 20, 1, 1, 20, 20, 7, 1, 20, 20, 7, 7, 3, 1, 7, 1, 20]",0
gRNA_0123,GGACGTTAGGGGACCAGCAGGC,22,0.6818181818181818,56.363312561348536,0.360955246816079,4.703445425961297,"[7, 7, 1, 3, 7, 20, 20, 1, 7, 7, 7, 7, 1, 3, 3, 1, 7, 3, 1, 7, 7, 3]",0
gRNA_0124,CTGACCGGGTCATTGTGACAGA,22,0.5454545454545454,84.64697319546218,1.2723890361378856,1.2461723643636633,"[3, 20, 7, 1, 3, 3, 7, 7, 7, 20, 3, 1, 20, 20, 7, 20, 7, 1, 3, 1, 7, 1]",0
gRNA_0125,CTAGTAGAAGATTCGTGAGCT,21,0.42857142857142855,73.5362776471126,0.0681652079892748,6.972012208775819,"[3, 20, 1, 7, 20, 1, 7, 1, 1, 7, 1, 20, 20, 3, 7, 20, 7, 1, 7, 3, 20]",0
gRNA_0126,TTGTTCAACCAGGTTATCGCCG,22,0.5,46.937506089063405,0.4615797219706952,5.274184117142973,"[20, 20, 7, 20, 20, 3, 1, 1, 3, 3, 1, 7, 7, 20, 20, 1, 20, 3, 7, 3, 3, 7]",0
gRNA_0127,TAGAATCGAAGGGCCGACATGA,22,0.5,69.76341624173189,0.014948272992252827,3.9682149077736755,"[20, 1, 7, 1, 1, 20, 3, 7, 1, 1, 7, 7, 7, 3, 3, 7, 1, 3, 1, 20, 7, 1]",0
gRNA_0128,GGCGCCGCACTGGAGGATCAT,21,0.6666666666666666,55.56978496202459,0.9093020846604142,6.758430902232449,"[7, 7, 3, 7, 3, 3, 7, 3, 1, 3, 20, 7, 7, 1, 7, 7, 1, 20, 3, 1, 20]",0
gRNA_0129,GGAAAATGTGGGTGTGTGTCC,21,0.5238095238095238,95.42807418059816,0.20804623046074763,8.418553931670479,"[7, 7, 1, 1, 1, 1, 20, 7, 20, 7, 7, 7, 20, 7, 20, 7, 20, 7, 20, 3, 3]",0
gRNA_0130,CTGGGGGGTATACCATCACC,20,0.6,74.14236271187147,0.0002632106872554435,10.820452307202924,"[3, 20, 7, 7, 7, 7, 7, 7, 20, 1, 20, 1, 3, 3, 1, 20, 3, 1, 3, 3]",0
gRNA_0131,ATTAAAGATAGCCGCACCCTAC,22,0.45454545454545453,66.93612399011654,0.3336484694550999,6.8129535876874305,"[1, 20, 20, 1, 1, 1, 7, 1, 20, 1, 7, 3, 3, 7, 3, 1, 3, 3, 3, 20, 1, 3]",0
gRNA_0132,CAAAGGGTTTCTCTGGCGACAG,22,0.5454545454545454,94.94830594658886,0.07872445212429106,8.395675948230684,"[3, 1, 1, 1, 7, 7, 7, 20, 20, 20, 3, 20, 3, 20, 7, 7, 3, 7, 1, 3, 1, 7]",0
gRNA_0133,CGCGGTTGTTCAGAGCGTGTC,21,0.6190476190476191,51.673690096762314,0.02721622510153162,8.28071918938244,"[3, 7, 3, 7, 7, 20, 20, 7, 20, 20, 3, 1, 7, 1, 7, 3, 7, 20, 7, 20, 3]",0
gRNA_0134,GTGGGTCGGCGACCCGGATTCA,22,0.6818181818181818,39.85053699380667,0.29862769368175984,7.33183486399401,"[7, 20, 7, 7, 7, 20, 3, 7, 7, 3, 7, 1, 3, 3, 3, 7, 7, 1, 20, 20, 3, 1]",0
gRNA_0135,GCGGTGGGGACACGGGATGACT,22,0.6818181818181818,49.47755297890817,0.11250659851027903,9.27031565063869,"[7, 3, 7, 7, 20, 7, 7, 7, 7, 1, 3, 1, 3, 7, 7, 7, 1, 20, 7, 1, 3, 20]",0
gRNA_0136,CTAAATTCGTGGCATCCTCG,20,0.5,83.96091205877396,0.0543493199448063,7.341060671016978,"[3, 20, 1, 1, 1, 20, 20, 3, 7, 20, 7, 7, 3, 1, 20, 3, 3, 20, 3, 7]",0
gRNA_0137,CACCTGCCGTCCGAGGTCGGC,21,0.7619047619047619,22.40467311176191,0.207740145773683,3.3699666552390823,"[3, 1, 3, 3, 20, 7, 3, 3, 7, 20, 3, 3, 7, 1, 7, 7, 20, 3, 7, 7, 3]",0
gRNA_0138,CAATCTCTGCAGGGACTAGTA,21,0.47619047619047616,71.99596508589147,0.10861247289481353,9.219043809689833,"[3, 1, 1, 20, 3, 20, 3, 20, 7, 3, 1, 7, 7, 7, 1, 3, 20, 1, 7, 20, 1]",0
gRNA_0139,CCCATCATCAATTAGATAAGG,21,0.38095238095238093,72.89469708672569,0.29266219779240304,8.79088286814402,"[3, 3, 3, 1, 20, 3, 1, 20, 3, 1, 1, 20, 20, 1, 7, 1, 20, 1, 1, 7, 7]",0
gRNA_0140,TTATCAGACCCGTCTAAATA,20,0.35,94.56296052299565,0.011585953738971122,9.871859973733095,"[20, 20, 1, 20, 3, 1, 7, 1, 3, 3, 3, 7, 20, 3, 20, 1, 1, 1, 20, 1]",0
gRNA_0141,GTGCCTCACTTTTGGTCGTAT,21,0.47619047619047616,23.102185729601114,0.07236656477243578,7.487763780225782,"[7, 20, 7, 3, 3, 20, 3, 1, 3, 20, 20, 20, 20, 7, 7, 20, 3, 7, 20, 1, 20]",0
gRNA_0142,ACGCGCGCCACCCGCTGCGG,20,0.85,86.8759846564612,0.16144863059010342,15.451222861397722,"[1, 3, 7, 3, 7, 3, 7, 3, 3, 1, 3, 3, 3, 7, 3, 20, 7, 3, 7, 7]",0
gRNA_0143,TCGAAAGGTAAGGTGTTAAGCT,22,0.4090909090909091,63.627344250985054,0.030896462280755238,8.676577101094164,"[20, 3, 7, 1, 1, 1, 7, 7, 20, 1, 1, 7, 7, 20, 7, 20, 20, 1, 1, 7, 3, 20]",0
gRNA_0144,TCGCTGTGAAGGGTCCTAGCA,21,0.5714285714285714,83.42865889731407,0.04380205725260548,10.634383876692894,"[20, 3, 7, 3, 20, 7, 20, 7, 1, 1, 7, 7, 7, 20, 3, 3, 20, 1, 7, 3, 1]",0
gRNA_0145,ACTAGACCAATCGTTTCTGCCA,22,0.45454545454545453,95.11299322405661,0.30329330304037183,9.205186499367516,"[1, 3, 20, 1, 7, 1, 3, 3, 1, 1, 20, 3, 7, 20, 20, 20, 3, 20, 7, 3, 3, 1]",0
gRNA_0146,CCGTTGGATTTTGGAAGCTC,20,0.5,59.36639515308121,0.4003493576616051,4.574534342070351,"[3, 3, 7, 20, 20, 7, 7, 1, 20, 20, 20, 20, 7, 7, 1, 1, 7, 3, 20, 3]",0
gRNA_0147,CTATTCTCCTCAGTACGGTATC,22,0.45454545454545453,46.5500230338543,0.34657494768944236,5.393539428331019,"[3, 20, 1, 20, 20, 3, 20, 3, 3, 20, 3, 1, 7, 20, 1, 3, 7, 7, 20, 1, 20, 3]",0
gRNA_0148,CTAATGCATAACTTGTTCCT,20,0.35,70.2312015175962,0.5155136948644672,7.149097231083726,"[3, 20, 1, 1, 20, 7, 3, 1, 20, 1, 1, 3, 20, 20, 7, 20, 20, 3, 3, 20]",0
gRNA_0149,TCCCGTGTAGTTTTACACGAC,21,0.47619047619047616,16.028901470689583,0.22723339854085012,5.828393671336647,"[20, 3, 3, 3, 7, 20, 7, 20, 1, 7, 20, 20, 20, 20, 1, 3, 1, 3, 7, 1, 3]",0
gRNA_0150,CCCTTTAGAGGCGACTGCTC,20,0.6,80.4634936912332,0.09745565520183706,6.074897581053578,"[3, 3, 3, 20, 20, 20, 1, 7, 1, 7, 7, 3, 7, 1, 3, 20, 7, 3, 20, 3]",0
gRNA_0151,ATCCGTACCTTTATGTTATG,20,0.35,91.73006003667629,0.24317783921070227,10.599219987528624,"[1, 20, 3, 3, 7, 20, 1, 3, 3, 20, 20, 20, 1, 20, 7, 20, 20, 1, 20, 7]",0
gRNA_0152,TTGGAAATGTCTCGCTACCCC,21,0.5238095238095238,47.208120857107886,0.20012176654874642,2.8719389879073045,"[20, 20, 7, 7, 1, 1, 1, 20, 7, 20, 3, 20, 3, 7, 3, 20, 1, 3, 3, 3, 3]",0
gRNA_0153,GGTACTATTCCCAACTAACTCG,22,0.45454545454545453,98.35841428776286,0.7092483302132414,5.718774172273206,"[7, 7, 20, 1, 3, 20, 1, 20, 20, 3, 3, 3, 1, 1, 3, 20, 1, 1, 3, 20, 3, 7]",0
gRNA_0154,TCGCGTGATACATAACTCCTGT,22,0.45454545454545453,90.47155951004254,0.5366128260252248,6.136319643893403,"[20, 3, 7, 3, 7, 20, 7, 1, 20, 1, 3, 1, 20, 1, 1, 3, 20, 3, 3, 20, 7, 20]",0
gRNA_0155,GACTCTTTGTTAAGCGCACTGA,22,0.45454545454545453,7.505053029504452,0.12129908768073167,6.368312072619604,"[7, 1, 3, 20, 3, 20, 20, 20, 7, 20, 20, 1, 1, 7, 3, 7, 3, 1, 3, 20, 7, 1]",0
gRNA_0156,TGGGGCCTATAAGACTGCTTG,21,0.5238095238095238,80.41747589203065,0.03020779465337594,11.167412797813597,"[20, 7, 7, 7, 7, 3, 3, 20, 1, 20, 1, 1, 7, 1, 3, 20, 7, 3, 20, 20, 7]",0
gRNA_0157,TCCATACACTTCTTCACCACC,21,0.47619047619047616,98.58737493324476,0.47388188711665225,7.68210053739403,"[20, 3, 3, 1, 20, 1, 3, 1, 3, 20, 20, 3, 20, 20, 3, 1, 3, 3, 1, 3, 3]",0
gRNA_0158,TACAGCCACTCTCACAGCGAC,21,0.5714285714285714,71.95471532335017,0.327541909839517,6.534130902366446,"[20, 1, 3, 1, 7, 3, 3, 1, 3, 20, 3, 20, 3, 1, 3, 1, 7, 3, 7, 1, 3]",0
gRNA_0159,AGCGTATTGTACGATTCAACT,21,0.38095238095238093,50.792669570120054,0.05159902130777971,6.199793711786494,"[1, 7, 3, 7, 20, 1, 20, 20, 7, 20, 1, 3, 7, 1, 20, 20, 3, 1, 1, 3, 20]",0
gRNA_0160,CTTACCCTACGTCCGACAACG,21,0.5714285714285714,41.5714954739797,0.015877476831460794,4.563487006954709,"[3, 20, 20, 1, 3, 3, 3, 20, 1, 3, 7, 20, 3, 3, 7, 1, 3, 1, 1, 3, 7]",0
gRNA_0161,CAGGCGTCTAGTCAAGGTGCT,21,0.5714285714285714,58.11652575501447,0.3744664895475876,6.545298625457855,"[3, 1, 7, 7, 3, 7, 20, 3, 20, 1, 7, 20, 3, 1, 1, 7, 7, 20, 7, 3, 20]",0
gRNA_0162,TAGATCCAACGCGACCTAACGC,22,0.5454545454545454,80.78348042814486,0.18367909144329767,8.566172318887475,"[20, 1, 7, 1, 20, 3, 3, 1, 1, 3, 7, 3, 7, 1, 3, 3, 20, 1, 1, 3, 7, 3]",0
gRNA_0163,CGAGACTTCTCCCCTACGCACC,22,0.6363636363636364,94.41276265217202,0.047199011429222934,7.33337908495154,"[3, 7, 1, 7, 1, 3, 20, 20, 3, 20, 3, 3, 3, 3, 20, 1, 3, 7, 3, 1, 3, 3]",0
gRNA_0164,TGCAAAACACTCCTGACTGCTA,22,0.45454545454545453,96.55544802781961,0.9110255382210783,2.4333572677813993,"[20, 7, 3, 1, 1, 1, 1, 3, 1, 3, 20, 3, 3, 20, 7, 1, 3, 20, 7, 3, 20, 1]",0
gRNA_0165,CCCAAAAACGTCTGAAGCAT,20,0.45,82.89918637850558,0.11661879245835031,7.708799477904934,"[3, 3, 3, 1, 1, 1, 1, 1, 3, 7, 20, 3, 20, 7, 1, 1, 7, 3, 1, 20]",0
gRNA_0166,TTCGCCAATCATCCATCCGACC,22,0.5454545454545454,96.08498696805631,0.3435227551679687,5.85242758048674,"[20, 20, 3, 7, 3, 3, 1, 1, 20, 3, 1, 20, 3, 3, 1, 20, 3, 3, 7, 1, 3, 3]",0
gRNA_0167,TGTTAGGGCCTACCTCATAG,20,0.5,60.04117461793814,0.8544427896186078,3.3161661131638036,"[20, 7, 20, 20, 1, 7, 7, 7, 3, 3, 20, 1, 3, 3, 20, 3, 1, 20, 1, 7]",0
gRNA_0168,AAAGCATGCTTTCGAATGGTA,21,0.38095238095238093,52.76662212390585,0.8935789588580895,6.638977124206088,"[1, 1, 1, 7, 3, 1, 20, 7, 3, 20, 20, 20, 3, 7, 1, 1, 20, 7, 7, 20, 1]",0
gRNA_0169,ACATTACCTGCGACGACCTA,20,0.5,50.03848959411229,0.20665139607979033,6.03794568963911,"[1, 3, 1, 20, 20, 1, 3, 3, 20, 7, 3, 7, 1, 3, 7, 1, 3, 3, 20, 1]",0
gRNA_0170,TATTTCTACCCGTGGCTCTG,20,0.5,21.24655457053821,0.9462542274270576,6.6090645572309406,"[20, 1, 20, 20, 20, 3, 20, 1, 3, 3, 3, 7, 20, 7, 7, 3, 20, 3, 20, 7]",0
gRNA_0171,CGACCGAGATTAATTCCCGCCT,22,0.5454545454545454,31.50109528904895,0.48652615121704423,3.6464146996966615,"[3, 7, 1, 3, 3, 7, 1, 7, 1, 20, 20, 1, 1, 20, 20, 3, 3, 3, 7, 3, 3, 20]",0
gRNA_0172,ACATCGATCTACCACTATTA,20,0.35,53.08149649678947,0.28225241928542566,5.396109162619975,"[1, 3, 1, 20, 3, 7, 1, 20, 3, 20, 1, 3, 3, 1, 3, 20, 1, 20, 20, 1]",0
gRNA_0173,CTCTAATCGTGTCCGTAGCG,20,0.55,24.445627437880617,0.6562478308123105,3.1814356217667266,"[3, 20, 3, 20, 1, 1, 20, 3, 7, 20, 7, 20, 3, 3, 7, 20, 1, 7, 3, 7]",0
gRNA_0174,GCCGTGAAAATGTGGAACGCT,21,0.5238095238095238,98.89347655643262,0.934882644039158,3.7953959250607703,"[7, 3, 3, 7, 20, 7, 1, 1, 1, 1, 20, 7, 20, 7, 7, 1, 1, 3, 7, 3, 20]",0
gRNA_0175,ATGCACCCAGCCTTCGTGCA,20,0.6,92.12885697048081,0.17492447410975823,9.4743039275276,"[1, 20, 7, 3, 1, 3, 3, 3, 1, 7, 3, 3, 20, 20, 3, 7, 20, 7, 3, 1]",0
gRNA_0176,ATATTGACGCCAGGACGCGTCA,22,0.5454545454545454,92.12764016177195,0.3815114877483244,6.505687842268737,"[1, 20, 1, 20, 20, 7, 1, 3, 7, 3, 3, 1, 7, 7, 1, 3, 7, 3, 7, 20, 3, 1]",0
gRNA_0177,TGATGTGCAGTCACGGGAGCG,21,0.6190476190476191,13.065830198692352,0.5045761378525393,4.560532345006668,"[20, 7, 1, 20, 7, 20, 7, 3, 1, 7, 20, 3, 1, 3, 7, 7, 7, 1, 7, 3, 7]",0
gRNA_0178,GGACACAGGTGCGAAGGCAA,20,0.6,79.89804896084718,0.258448299995046,10.510617976465605,"[7, 7, 1, 3, 1, 3, 1, 7, 7, 20, 7, 3, 7, 1, 1, 7, 7, 3, 1, 1]",0
gRNA_0179,AAAGCGCGATTTTATTACTG,20,0.35,94.88525803315142,0.7954199671760508,8.131928804356432,"[1, 1, 1, 7, 3, 7, 3, 7, 1, 20, 20, 20, 20, 1, 20, 20, 1, 3, 20, 7]",0
gRNA_0180,GGTTAAGCCTTGCACCGATGAA,22,0.5,47.579688868001924,0.14612809206410896,5.9471283432220545,"[7, 7, 20, 20, 1, 1, 7, 3, 3, 20, 20, 7, 3, 1, 3, 3, 7, 1, 20, 7, 1, 1]",0
gRNA_0181,GGTTATAAGGGAGGTCTCTTCA,22,0.45454545454545453,62.861611720762355,0.17450461094270606,3.9748054631732908,"[7, 7, 20, 20, 1, 20, 1, 1, 7, 7, 7, 1, 7, 7, 20, 3, 20, 3, 20, 20, 3, 1]",0
gRNA_0182,CCGCGCGTAAGGTCGTCGACA,21,0.6666666666666666,41.35238709725497,0.6403854192409905,6.1953663423044,"[3, 3, 7, 3, 7, 3, 7, 20, 1, 1, 7, 7, 20, 3, 7, 20, 3, 7, 1, 3, 1]",0
gRNA_0183,TTATTTATCCTAGAATGTCT,20,0.25,83.55863348199442,0.6532970533387389,10.105431108452638,"[20, 20, 1, 20, 20, 20, 1, 20, 3, 3, 20, 1, 7, 1, 1, 20, 7, 20, 3, 20]",0
gRNA_0184,TGCATCCAGTCAAATAGTGC,20,0.45,74.78733117222315,0.29056620369365466,7.034490194303574,"[20, 7, 3, 1, 20, 3, 3, 1, 7, 20, 3, 1, 1, 1, 20, 1, 7, 20, 7, 3]",0
gRNA_0185,CTTATGACGGGAGGGCTGCATG,22,0.5909090909090909,78.84440412292511,0.09070430337130714,8.309190540414596,"[3, 20, 20, 1, 20, 7, 1, 3, 7, 7, 7, 1, 7, 7, 7, 3, 20, 7, 3, 1, 20, 7]",0
gRNA_0186,ATAAGCTAGCTGGGTTGTCCGC,22,0.5454545454545454,96.95226578697488,0.031009621414864078,12.065792856042497,"[1, 20, 1, 1, 7, 3, 20, 1, 7, 3, 20, 7, 7, 7, 20, 20, 7, 20, 3, 3, 7, 3]",0
gRNA_0187,AATATCACCCGTTGCGATCCCC,22,0.5454545454545454,30.649582113809604,0.3552363653827787,8.514600605176348,"[1, 1, 20, 1, 20, 3, 1, 3, 3, 3, 7, 20, 20, 7, 3, 7, 1, 20, 3, 3, 3, 3]",0
gRNA_0188,ATGGGCGCGCTCGGTGAGGT,20,0.7,60.27521016250833,0.05676898237974363,10.25195783133798,"[1, 20, 7, 7, 7, 3, 7, 3, 7, 3, 20, 3, 7, 7, 20, 7, 1, 7, 7, 20]",0
gRNA_0189,GGCGCACGGGGATATAAGGA,20,0.6,11.185576945820953,0.2746612398394773,8.845427897498919,"[7, 7, 3, 7, 3, 1, 3, 7, 7, 7, 7, 1, 20, 1, 20, 1, 1, 7, 7, 1]",0
gRNA_0190,AGCTTCTCACATCTCTGTCTAA,22,0.4090909090909091,98.85909025529423,0.0019438104760519997,7.932498073349872,"[1, 7, 3, 20, 20, 3, 20, 3, 1, 3, 1, 20, 3, 20, 3, 20, 7, 20, 3, 20, 1, 1]",0
gRNA_0191,TGAATGTTGCCTCCGAGCATT,21,0.47619047619047616,43.26051887492679,0.05912727989475772,7.121680267220149,"[20, 7, 1, 1, 20, 7, 20, 20, 7, 3, 3, 20, 3, 3, 7, 1, 7, 3, 1, 20, 20]",0
gRNA_0192,CTAAGCGGATAGATCTTCCTA,21,0.42857142857142855,87.42398986269917,0.20571993966418944,8.803006077521973,"[3, 20, 1, 1, 7, 3, 7, 7, 1, 20, 1, 7, 1, 20, 3, 20, 20, 3, 3, 20, 1]",0
gRNA_0193,TGGGTCCCAGATGCATCCGA,20,0.6,91.58448922054035,1.3555566756791901,5.765811386261847,"[20, 7, 7, 7, 20, 3, 3, 3, 1, 7, 1, 20, 7, 3, 1, 20, 3, 3, 7, 1]",0
gRNA_0194,ACCGCATCGGATTGTTATCTAG,22,0.45454545454545453,37.630572039487234,0.03614090173035868,7.122424007756036,"[1, 3, 3, 7, 3, 1, 20, 3, 7, 7, 1, 20, 20, 7, 20, 20, 1, 20, 3, 20, 1, 7]",0
gRNA_0195,TGGAGAGATCATCTATCGCTGG,22,0.5,63.35539947250166,0.40266753121575,6.0824845983521785,"[20, 7, 7, 1, 7, 1, 7, 1, 20, 3, 1, 20, 3, 20, 1, 20, 3, 7, 3, 20, 7, 7]",0
gRNA_0196,GTGATCAGCAATGTAGGGGACC,22,0.5454545454545454,2.140930744077362,0.2313208180855109,6.299826125436689,"[7, 20, 7, 1, 20, 3, 1, 7, 3, 1, 1, 20, 7, 20, 1, 7, 7, 7, 7, 1, 3, 3]",0
gRNA_0197,GTGAACTTCGCCCAGTATCC,20,0.55,96.77932388182248,0.09646683498376718,5.317516279235104,"[7, 20, 7, 1, 1, 3, 20, 20, 3, 7, 3, 3, 3, 1, 7, 20, 1, 20, 3, 3]",0
gRNA_0198,AGCGACGCAGTCTTTCGCCGA,21,0.6190476190476191,20.491521734205424,1.1585440708892587,4.364545665207404,"[1, 7, 3, 7, 1, 3, 7, 3, 1, 7, 20, 3, 20, 20, 20, 3, 7, 3, 3, 7, 1]",0
gRNA_0199,CGGGGAGCACAGGCCGCCCAC,21,0.8095238095238095,15.408612998186456,0.4583541436251177,5.444710405514797,"[3, 7, 7, 7, 7, 1, 7, 3, 1, 3, 1, 7, 7, 3, 3, 7, 3, 3, 3, 1, 3]",0
gRNA_0200,CTTTTGCACAGTTTCGAATAGC,22,0.4090909090909091,76.22575385926554,0.18073350194429255,9.288316195028312,"[3, 20, 20, 20, 20, 7, 3, 1, 3, 1, 7, 20, 20, 20, 3, 7, 1, 1, 20, 1, 7, 3]",0
gRNA_0201,GAGAAGCCAAAGTACAAGCT,20,0.45,40.381042538816644,0.06657185771838328,6.800570110876591,"[7, 1, 7, 1, 1, 7, 3, 3, 1, 1, 1, 7, 20, 1, 3, 1, 1, 7, 3, 20]",0
gRNA_0202,TCGCCGTCTTGCTCGGAGAATC,22,0.5909090909090909,41.198337801613825,0.0819516272969728,4.710852998005639,"[20, 3, 7, 3, 3, 7, 20, 3, 20, 20, 7, 3, 20, 3, 7, 7, 1, 7, 1, 1, 20, 3]",0
gRNA_0203,CGTTTAAGACCGGCCAACTCT,21,0.5238095238095238,85.08809617236973,0.10514321899571132,9.661920814201963,"[3, 7, 20, 20, 20, 1, 1, 7, 1, 3, 3, 7, 7, 3, 3, 1, 1, 3, 20, 3, 20]",0
gRNA_0204,GAATCTTAAGGCAGATTTCTCA,22,0.36363636363636365,34.64757972131594,0.0044125944413385835,6.5329412345658,"[7, 1, 1, 20, 3, 20, 20, 1, 1, 7, 7, 3, 1, 7, 1, 20, 20, 20, 3, 20, 3, 1]",0
gRNA_0205,TGTCTACATGTCTTAGGATCC,21,0.42857142857142855,99.47499257813051,0.2944205921372171,5.104781645384259,"[20, 7, 20, 3, 20, 1, 3, 1, 20, 7, 20, 3, 20, 20, 1, 7, 7, 1, 20, 3, 3]",0
gRNA_0206,TTGTCATTATGTAATCCACC,20,0.35,53.29325746046331,0.05372771405569678,7.808347995987545,"[20, 20, 7, 20, 3, 1, 20, 20, 1, 20, 7, 20, 1, 1, 20, 3, 3, 1, 3, 3]",0
gRNA_0207,GCAGACTTCTCTGGGAATCC,20,0.55,65.24994150002395,0.038675967953351056,10.78169557754795,"[7, 3, 1, 7, 1, 3, 20, 20, 3, 20, 3, 20, 7, 7, 7, 1, 1, 20, 3, 3]",0
gRNA_0208,CAAAGAATCTCTTCCATGAA,20,0.35,70.07249521015126,0.23070666516322313,8.452270213122427,"[3, 1, 1, 1, 7, 1, 1, 20, 3, 20, 3, 20, 20, 3, 3, 1, 20, 7, 1, 1]",0
gRNA_0209,GTTAGAAGTCCATAGACCCCAA,22,0.45454545454545453,80.40831757542189,0.0037308206405510867,7.836713149793908,"[7, 20, 20, 1, 7, 1, 1, 7, 20, 3, 3, 1, 20, 1, 7, 1, 3, 3, 3, 3, 1, 1]",0
gRNA_0210,CCTGAAGATAGGCTACCCGTT,21,0.5238095238095238,29.38146714946461,0.5481275672715268,10.425236300046414,"[3, 3, 20, 7, 1, 1, 7, 1, 20, 1, 7, 7, 3, 20, 1, 3, 3, 3, 7, 20, 20]",0
gRNA_0211,GGGGCTAAATTCCCCGTAATG,21,0.5238095238095238,21.52169883723477,0.07595299941830792,6.089700711180241,"[7, 7, 7, 7, 3, 20, 1, 1, 1, 20, 20, 3, 3, 3, 3, 7, 20, 1, 1, 20, 7]",0
gRNA_0212,TATGCGGGGTTAAGGAGTTG,20,0.5,55.090534365663856,0.36190828603912156,3.9738980899829746,"[20, 1, 20, 7, 3, 7, 7, 7, 7, 20, 20, 1, 1, 7, 7, 1, 7, 20, 20, 7]",0
gRNA_0213,CAGCGGATTAGATGTACCAGC,21,0.5238095238095238,44.706751926468556,0.27993138000175455,7.696326113144151,"[3, 1, 7, 3, 7, 7, 1, 20, 20, 1, 7, 1, 20, 7, 20, 1, 3, 3, 1, 7, 3]",0
gRNA_0214,ATGAGCGTAATATCCATTCG,20,0.4,76.60805668072753,0.47765547991534535,7.12043859466763,"[1, 20, 7, 1, 7, 3, 7, 20, 1, 1, 20, 1, 20, 3, 3, 1, 20, 20, 3, 7]",0
gRNA_0215,TCAACGCCTAATTGACCGTC,20,0.5,77.91757707002944,0.1516094824599374,5.680681865482877,"[20, 3, 1, 1, 3, 7, 3, 3, 20, 1, 1, 20, 20, 7, 1, 3, 3, 7, 20, 3]",0
gRNA_0216,ATTATATTGACCGGGCGGAGA,21,0.47619047619047616,96.57971518841538,0.09853642565094946,9.392686992421273,"[1, 20, 20, 1, 20, 1, 20, 20, 7, 1, 3, 3, 7, 7, 7, 3, 7, 7, 1, 7, 1]",0
gRNA_0217,CTTCATTGACAAATTTCCCACG,22,0.4090909090909091,80.10228398085233,0.2607813767392234,9.283213072794343,"[3, 20, 20, 3, 1, 20, 20, 7, 1, 3, 1, 1, 1, 20, 20, 20, 3, 3, 3, 1, 3, 7]",0
gRNA_0218,TATAAACTAGAATATCTTGGG,21,0.2857142857142857,90.26186184265774,0.6638962483195897,3.8760153391530374,"[20, 1, 20, 1, 1, 1, 3, 20, 1, 7, 1, 1, 20, 1, 20, 3, 20, 20, 7, 7, 7]",0
gRNA_0219,TGCATCACTTCATCAGGCTC,20,0.5,98.08567783274266,1.8618920722958572,6.791866185293561,"[20, 7, 3, 1, 20, 3, 1, 3, 20, 20, 3, 1, 20, 3, 1, 7, 7, 3, 20, 3]",0
gRNA_0220,TCTACACAGACGCGCGCTGCAA,22,0.5909090909090909,92.82523195936801,0.010092930680391826,10.698612540633441,"[20, 3, 20, 1, 3, 1, 3, 1, 7, 1, 3, 7, 3, 7, 3, 7, 3, 20, 7, 3, 1, 1]",0
gRNA_0221,GGTGGTAGTCGTCCACGCTA,20,0.6,41.75488680050276,0.5916407448749768,4.5619007300752195,"[7, 7, 20, 7, 7, 20, 1, 7, 20, 3, 7, 20, 3, 3, 1, 3, 7, 3, 20, 1]",0
gRNA_0222,TACCTTGCAGAACGCACGTT,20,0.5,56.76833457536633,0.2526319696105042,8.908958914055168,"[20, 1, 3, 3, 20, 20, 7, 3, 1, 7, 1, 1, 3, 7, 3, 1, 3, 7, 20, 20]",0
gRNA_0223,GGTCTTTGGGCGAAGCATAGC,21,0.5714285714285714,63.279470861918576,0.66416351205654,5.7855297251098685,"[7, 7, 20, 3, 20, 20, 20, 7, 7, 7, 3, 7, 1, 1, 7, 3, 1, 20, 1, 7, 3]",0
gRNA_0224,GACGGAATAGGCTCACATAA,20,0.45,72.05284212264321,0.04535854253274785,8.900565476243088,"[7, 1, 3, 7, 7, 1, 1, 20, 1, 7, 7, 3, 20, 3, 1, 3, 1, 20, 1, 1]",0
gRNA_0225,TTGTACTAGGTACGTTTGACCA,22,0.4090909090909091,99.43808296750464,0.5497021957525658,7.764840655964392,"[20, 20, 7, 20, 1, 3, 20, 1, 7, 7, 20, 1, 3, 7, 20, 20, 20, 7, 1, 3, 3, 1]",0
gRNA_0226,ACTTGTTATGTCCCGTGCCGTG,22,0.5454545454545454,64.00419512085054,0.2757547501664259,9.015573477141084,"[1, 3, 20, 20, 7, 20, 20, 1, 20, 7, 20, 3, 3, 3, 7, 20, 7, 3, 3, 7, 20, 7]",0
gRNA_0227,AGTTTAGGTTCTCCATTAGCG,21,0.42857142857142855,75.81984630440176,0.1346271819186842,10.466795610724832,"[1, 7, 20, 20, 20, 1, 7, 7, 20, 20, 3, 20, 3, 3, 1, 20, 20, 1, 7, 3, 7]",0
gRNA_0228,CGGGGCCTTATCTGTCCACT,20,0.6,15.39906116528353,0.1193672343779032,6.22135451993074,"[3, 7, 7, 7, 7, 3, 3, 20, 20, 1, 20, 3, 20, 7, 20, 3, 3, 1, 3, 20]",0
gRNA_0229,AGAGAATGAATCAAAACCAT,20,0.3,96.88245994489407,0.22990841814197177,6.695218132789163,"[1, 7, 1, 7, 1, 1, 20, 7, 1, 1, 20, 3, 1, 1, 1, 1, 3, 3, 1, 20]",0
gRNA_0230,GTAGGTCGGTTTCGGCACAATC,22,0.5454545454545454,86.9263724717514,0.04237225521015264,9.543253391966038,"[7, 20, 1, 7, 7, 20, 3, 7, 7, 20, 20, 20, 3, 7, 7, 3, 1, 3, 1, 1, 20, 3]",0
gRNA_0231,TAAGCAGGTTTAGGCTGGGC,20,0.55,53.68723147670082,1.0865077650364956,4.0765174069158645,"[20, 1, 1, 7, 3, 1, 7, 7, 20, 20, 20, 1, 7, 7, 3, 20, 7, 7, 7, 3]",0
gRNA_0232,TCCGACCGTATGAAACGCGC,20,0.6,48.01282546783527,1.002338271820041,4.9478595090946484,"[20, 3, 3, 7, 1, 3, 3, 7, 20, 1, 20, 7, 1, 1, 1, 3, 7, 3, 7, 3]",0
gRNA_0233,GCGTCATCCCCCTTTGGTTG,20,0.6,82.96756664405824,0.547991163283256,7.34937044473032,"[7, 3, 7, 20, 3, 1, 20, 3, 3, 3, 3, 3, 20, 20, 20, 7, 7, 20, 20, 7]",0
gRNA_0234,AGATGTAATATTAATTTGACA,21,0.19047619047619047,47.08867907673912,0.03671479195173267,16.687762844959593,"[1, 7, 1, 20, 7, 20, 1, 1, 20, 1, 20, 20, 1, 1, 20, 20, 20, 7, 1, 3, 1]",0
gRNA_0235,CCAGGGCTGCCAGGCGAAGCT,21,0.7142857142857143,60.82112924670231,0.14736826225171626,8.72599822730828,"[3, 3, 1, 7, 7, 7, 3, 20, 7, 3, 3, 1, 7, 7, 3, 7, 1, 1, 7, 3, 20]",0
gRNA_0236,ACAGCACCCGGTATGCCCCAT,21,0.6190476190476191,40.56776700933783,0.047187246083400906,6.206005377822236,"[1, 3, 1, 7, 3, 1, 3, 3, 3, 7, 7, 20, 1, 20, 7, 3, 3, 3, 3, 1, 20]",0
gRNA_0237,TAAGATTCTCGTAGGGTAGGG,21,0.47619047619047616,59.653848834807256,0.16588511273497727,3.289188219912805,"[20, 1, 1, 7, 1, 20, 20, 3, 20, 3, 7, 20, 1, 7, 7, 7, 20, 1, 7, 7, 7]",0
gRNA_0238,TGAGTGTCCGCAGTGTTCACTT,22,0.5,36.92603307620491,0.4433526759783854,6.449442493134001,"[20, 7, 1, 7, 20, 7, 20, 3, 3, 7, 3, 1, 7, 20, 7, 20, 20, 3, 1, 3, 20, 20]",0
gRNA_0239,CTGCCCCTTAAGAGGCCCAGCA,22,0.6363636363636364,79.12395923559804,1.140065678926265,3.9896030742636786,"[3, 20, 7, 3, 3, 3, 3, 20, 20, 1, 1, 7, 1, 7, 7, 3, 3, 3, 1, 7, 3, 1]",0
gRNA_0240,CTTACGAACTTACCAGTGCAT,21,0.42857142857142855,74.71414744080461,0.3228821511635331,5.8044186404683495,"[3, 20, 20, 1, 3, 7, 1, 1, 3, 20, 20, 1, 3, 3, 1, 7, 20, 7, 3, 1, 20]",0
gRNA_0241,CACGAGGAATTCAGGCTATCT,21,0.47619047619047616,19.241870624871428,0.31015378201753163,6.470210434920521,"[3, 1, 3, 7, 1, 7, 7, 1, 1, 20, 20, 3, 1, 7, 7, 3, 20, 1, 20, 3, 20]",0
gRNA_0242,GAGCCCGATTCTTCTCCCTC,20,0.6,87.49819204569826,1.0974420647488294,5.063529288937783,"[7, 1, 7, 3, 3, 3, 7, 1, 20, 20, 3, 20, 20, 3, 20, 3, 3, 3, 20, 3]",0
gRNA_0243,CTTCAGCACCCGCTCTAGCT,20,0.6,55.48215146729547,0.1965947498821873,8.283646244970324,"[3, 20, 20, 3, 1, 7, 3, 1, 3, 3, 3, 7, 3, 20, 3, 20, 1, 7, 3, 20]",0
gRNA_0244,CACTAGTCACACAGAGCCGTG,21,0.5714285714285714,78.29089890089301,0.017670457072714172,11.294306000545905,"[3, 1, 3, 20, 1, 7, 20, 3, 1, 3, 1, 3, 1, 7, 1, 7, 3, 3, 7, 20, 7]",0
gRNA_0245,TTAACATGCACTGGCTGATC,20,0.45,85.21891681059188,0.4412850014799042,4.922608815164641,"[20, 20, 1, 1, 3, 1, 20, 7, 3, 1, 3, 20, 7, 7, 3, 20, 7, 1, 20, 3]",0
gRNA_0246,TCATATGGCTTACGCGCTTAA,21,0.42857142857142855,46.068349267549195,0.5604331600722474,4.775239163209952,"[20, 3, 1, 20, 1, 20, 7, 7, 3, 20, 20, 1, 3, 7, 3, 7, 3, 20, 20, 1, 1]",0
gRNA_0247,TCTGACAAATACTCTAATGG,20,0.35,77.69315497969617,0.1711227321035407,10.340363365170177,"[20, 3, 20, 7, 1, 3, 1, 1, 1, 20, 1, 3, 20, 3, 20, 1, 1, 20, 7, 7]",0
gRNA_0248,AGCCATCCGATTCGTTATGC,20,0.5,78.93483891695759,0.5199519406062576,10.620477525711445,"[1, 7, 3, 3, 1, 20, 3, 3, 7, 1, 20, 20, 3, 7, 20, 20, 1, 20, 7, 3]",0
gRNA_0249,TAGCCCTATGAACTACTTGA,20,0.4,64.4367095607104,0.037692212109551246,8.550504308653466,"[20, 1, 7, 3, 3, 3, 20, 1, 20, 7, 1, 1, 3, 20, 1, 3, 20, 20, 7, 1]",0
gRNA_0250,CTGATCGTCGGCGTACCAGG,20,0.65,53.63202491524382,0.5700898005941882,6.84415518267421,"[3, 20, 7, 1, 20, 3, 7, 20, 3, 7, 7, 3, 7, 20, 1, 3, 3, 1, 7, 7]",0
gRNA_0251,TGCCAAGCTGCTAGGACTTCG,21,0.5714285714285714,65.40761181025181,0.8050282496761016,0.6413086840355993,"[20, 7, 3, 3, 1, 1, 7, 3, 20, 7, 3, 20, 1, 7, 7, 1, 3, 20, 20, 3, 7]",0
gRNA_0252,CGCGTGGACAGGTTCCCTTACC,22,0.6363636363636364,77.27568928232685,0.1762207543230967,7.544786878376397,"[3, 7, 3, 7, 20, 7, 7, 1, 3, 1, 7, 7, 20, 20, 3, 3, 3, 20, 20, 1, 3, 3]",0
gRNA_0253,GCCGTCGGCACTCGGTCGCAGG,22,0.7727272727272727,33.22908353375447,0.0059553943286177755,7.946805589040539,"[7, 3, 3, 7, 20, 3, 7, 7, 3, 1, 3, 20, 3, 7, 7, 20, 3, 7, 3, 1, 7, 7]",0
gRNA_0254,GCGATGGCTTAAGCTCTAGTG,21,0.5238095238095238,33.99642926083544,0.0007553683694640665,7.066596678895405,"[7, 3, 7, 1, 20, 7, 7, 3, 20, 20, 1, 1, 7, 3, 20, 3, 20, 1, 7, 20, 7]",0
gRNA_0255,TATGATTAATATTTCAGCCGC,21,0.3333333333333333,39.08615927550443,0.542962353421983,6.0181644281692135,"[20, 1, 20, 7, 1, 20, 20, 1, 1, 20, 1, 20, 20, 20, 3, 1, 7, 3, 3, 7, 3]",0
gRNA_0256,CATTATATTTGCCCATCACTCC,22,0.4090909090909091,79.2694378004188,0.03389672610356277,9.489871620560216,"[3, 1, 20, 20, 1, 20, 1, 20, 20, 20, 7, 3, 3, 3, 1, 20, 3, 1, 3, 20, 3, 3]",0
gRNA_0257,GGAGGCGACACGGTAACTTGGT,22,0.5909090909090909,91.0266850385838,0.04658077189691729,7.861728621737573,"[7, 7, 1, 7, 7, 3, 7, 1, 3, 1, 3, 7, 7, 20, 1, 1, 3, 20, 20, 7, 7, 20]",0
gRNA_0258,AGACGCTGTATCATGAATGC,20,0.45,35.28788086286105,0.3887777620590825,6.2684809459002,"[1, 7, 1, 3, 7, 3, 20, 7, 20, 1, 20, 3, 1, 20, 7, 1, 1, 20, 7, 3]",0
gRNA_0259,CTTCCACAGGTAGTGAAAAGT,21,0.42857142857142855,63.176305214055105,0.22455791702804406,7.658772976794073,"[3, 20, 20, 3, 3, 1, 3, 1, 7, 7, 20, 1, 7, 20, 7, 1, 1, 1, 1, 7, 20]",0
gRNA_0260,ATGCAGCTATTGGGGAAAGT,20,0.45,71.11380456879621,0.01824742896398637,8.716409567951047,"[1, 20, 7, 3, 1, 7, 3, 20, 1, 20, 20, 7, 7, 7, 7, 1, 1, 1, 7, 20]",0
gRNA_0261,GGAATTTCGAAACGTCCGGA,20,0.5,80.7875685057118,0.020986622608423804,7.035894460716387,"[7, 7, 1, 1, 20, 20, 20, 3, 7, 1, 1, 1, 3, 7, 20, 3, 3, 7, 7, 1]",0
gRNA_0262,AGATGCGGTCCTCTTCAGTAGC,22,0.5454545454545454,83.93410174151865,0.09951407882357897,8.08161005152701,"[1, 7, 1, 20, 7, 3, 7, 7, 20, 3, 3, 20, 3, 20, 20, 3, 1, 7, 20, 1, 7, 3]",0
gRNA_0263,CGTTACACCGATTGCGGACT,20,0.55,25.364053120897033,0.3427368502822056,7.044033922320131,"[3, 7, 20, 20, 1, 3, 1, 3, 3, 7, 1, 20, 20, 7, 3, 7, 7, 1, 3, 20]",0
gRNA_0264,CCCGGAAAACGCAAACCTGG,20,0.6,48.037294647309274,0.0766484571979109,9.345537039011127,"[3, 3, 3, 7, 7, 1, 1, 1, 1, 3, 7, 3, 1, 1, 1, 3, 3, 20, 7, 7]",0
gRNA_0265,GTCAGTTGGGATAGAGAACG,20,0.5,42.663275652109235,0.17459393248499586,6.990467778575482,"[7, 20, 3, 1, 7, 20, 20, 7, 7, 7, 1, 20, 1, 7, 1, 7, 1, 1, 3, 7]",0
gRNA_0266,CCATTCCAACGCGGACGACCT,21,0.6190476190476191,94.26245341603381,0.21055962483483856,7.246688079856493,"[3, 3, 1, 20, 20, 3, 3, 1, 1, 3, 7, 3, 7, 7, 1, 3, 7, 1, 3, 3, 20]",0
gRNA_0267,TTCGATGTAGGGGGGCAAGAA,21,0.5238095238095238,53.14030363501574,0.1950181912718517,11.331758890202892,"[20, 20, 3, 7, 1, 20, 7, 20, 1, 7, 7, 7, 7, 7, 7, 3, 1, 1, 7, 1, 1]",0
gRNA_0268,GCCACATCTTGTTACGCGCAGA,22,0.5454545454545454,84.73218738780344,0.049846987650170635,10.402048284340243,"[7, 3, 3, 1, 3, 1, 20, 3, 20, 20, 7, 20, 20, 1, 3, 7, 3, 7, 3, 1, 7, 1]",0
gRNA_0269,AAGGGTCCTGGGTCACAGTTGC,22,0.5909090909090909,31.398791750023307,0.26464406981048766,6.557516881151998,"[1, 1, 7, 7, 7, 20, 3, 3, 20, 7, 7, 7, 20, 3, 1, 3, 1, 7, 20, 20, 7, 3]",0
gRNA_0270,CGCCAGCCGAGTGTCGGACT,20,0.7,80.97882720488701,0.18131006158861868,7.509686691138242,"[3, 7, 3, 3, 1, 7, 3, 3, 7, 1, 7, 20, 7, 20, 3, 7, 7, 1, 3, 20]",0
gRNA_0271,GTACCCGCGTGTATACCCAG,20,0.6,91.23799238728087,0.04410614826900799,8.403247671451485,"[7, 20, 1, 3, 3, 3, 7, 3, 7, 20, 7, 20, 1, 20, 1, 3, 3, 3, 1, 7]",0
gRNA_0272,CAGGATATAGTTTGGTGAACC,21,0.42857142857142855,54.31746401771079,0.13980339621777746,5.3590561502982155,"[3, 1, 7, 7, 1, 20, 1, 20, 1, 7, 20, 20, 20, 7, 7, 20, 7, 1, 1, 3, 3]",0
gRNA_0273,CATGGCGAGAGGAAACCTGATC,22,0.5454545454545454,75.26265383816936,0.2787139361305738,2.6300343528492247,"[3, 1, 20, 7, 7, 3, 7, 1, 7, 1, 7, 7, 1, 1, 1, 3, 3, 20, 7, 1, 20, 3]",0
gRNA_0274,GGCGTCCCGACAGAGCTTATC,21,0.6190476190476191,78.7296109010191,0.9618204410544635,7.279263449654245,"[7, 7, 3, 7, 20, 3, 3, 3, 7, 1, 3, 1, 7, 1, 7, 3, 20, 20, 1, 20, 3]",0
gRNA_0275,GTAATATGGCTAAAGAGGCGCG,22,0.5,92.70455873887958,0.09140749661523302,8.715156160704922,"[7, 20, 1, 1, 20, 1, 20, 7, 7, 3, 20, 1, 1, 1, 7, 1, 7, 7, 3, 7, 3, 7]",0
gRNA_0276,TTTAGGAAATGTACTTAAAG,20,0.25,72.06133113949402,0.0938649485549378,13.276925175999438,"[20, 20, 20, 1, 7, 7, 1, 1, 1, 20, 7, 20, 1, 3, 20, 20, 1, 1, 1, 7]",0
gRNA_0277,CTATCTTAACTTGTTGTCATTA,22,0.2727272727272727,10.082569512886245,0.10246855581214548,4.8356335876710865,"[3, 20, 1, 20, 3, 20, 20, 1, 1, 3, 20, 20, 7, 20, 20, 7, 20, 3, 1, 20, 20, 1]",0
gRNA_0278,CAGACACAGATGGTTGGTGTG,21,0.5238095238095238,21.71122505647965,0.5254596221244844,4.990616057814769,"[3, 1, 7, 1, 3, 1, 3, 1, 7, 1, 20, 7, 7, 20, 20, 7, 7, 20, 7, 20, 7]",0
gRNA_0279,GATTCATCCAGAATCCGGCATA,22,0.45454545454545453,86.71713402244232,0.2108097394819751,8.57893841457219,"[7, 1, 20, 20, 3, 1, 20, 3, 3, 1, 7, 1, 1, 20, 3, 3, 7, 7, 3, 1, 20, 1]",0
gRNA_0280,ACTCTGAACAGCAATATTTG,20,0.35,99.02726333485477,0.1682515066459435,9.140698842023491,"[1, 3, 20, 3, 20, 7, 1, 1, 3, 1, 7, 3, 1, 1, 20, 1, 20, 20, 20, 7]",0
gRNA_0281,ATTGTTACTCACTGAGAAGT,20,0.35,70.79072210210082,0.7119508466680922,6.550697351795515,"[1, 20, 20, 7, 20, 20, 1, 3, 20, 3, 1, 3, 20, 7, 1, 7, 1, 1, 7, 20]",0
gRNA_0282,CAAGATACATTCGGTACGACA,21,0.42857142857142855,97.58641108522383,0.007220352049395684,10.824421187904429,"[3, 1, 1, 7, 1, 20, 1, 3, 1, 20, 20, 3, 7, 7, 20, 1, 3, 7, 1, 3, 1]",0
gRNA_0283,TCTTTGCGATGTCTGGCCGAG,21,0.5714285714285714,71.23016272351487,0.03137448891015055,9.173089164208378,"[20, 3, 20, 20, 20, 7, 3, 7, 1, 20, 7, 20, 3, 20, 7, 7, 3, 3, 7, 1, 7]",0
gRNA_0284,AGGATATTTCTTGCAAGAAACA,22,0.3181818181818182,76.87113825433556,0.010115547001411995,11.12150376666825,"[1, 7, 7, 1, 20, 1, 20, 20, 20, 3, 20, 20, 7, 3, 1, 1, 7, 1, 1, 1, 3, 1]",0
gRNA_0285,AGGGGACGGCACGCGTCAGAT,21,0.6666666666666666,73.06387119547321,0.6004194539123908,5.835035547445418,"[1, 7, 7, 7, 7, 1, 3, 7, 7, 3, 1, 3, 7, 3, 7, 20, 3, 1, 7, 1, 20]",0
gRNA_0286,GTCCACGCTATCGTCTTGATGC,22,0.5454545454545454,60.405548659966854,0.2724991605174759,6.099248650291713,"[7, 20, 3, 3, 1, 3, 7, 3, 20, 1, 20, 3, 7, 20, 3, 20, 20, 7, 1, 20, 7, 3]",0
gRNA_0287,ACCATTTGTCCTGGAGTCACTA,22,0.45454545454545453,74.37486405546096,0.27799572552537327,6.661128920749002,"[1, 3, 3, 1, 20, 20, 20, 7, 20, 3, 3, 20, 7, 7, 1, 7, 20, 3, 1, 3, 20, 1]",0
gRNA_0288,GAATCAATAGGCGCTCGGAAGT,22,0.5,27.97032809311585,0.32421975863456176,7.627202475173691,"[7, 1, 1, 20, 3, 1, 1, 20, 1, 7, 7, 3, 7, 3, 20, 3, 7, 7, 1, 1, 7, 20]",0
gRNA_0289,GCCGTGACGTAATATTACTCTG,22,0.45454545454545453,58.789041505742865,0.01720914778150865,7.531981056941546,"[7, 3, 3, 7, 20, 7, 1, 3, 7, 20, 1, 1, 20, 1, 20, 20, 1, 3, 20, 3, 20, 7]",0
gRNA_0290,GGCGTAACGTGATGGCCTTT,20,0.55,59.005564867035346,0.2717686732247506,7.750038484641652,"[7, 7, 3, 7, 20, 1, 1, 3, 7, 20, 7, 1, 20, 7, 7, 3, 3, 20, 20, 20]",0
gRNA_0291,CCCACATACGCAGAGGACGAT,21,0.5714285714285714,94.96546744827646,0.04312188402636773,8.096822704700736,"[3, 3, 3, 1, 3, 1, 20, 1, 3, 7, 3, 1, 7, 1, 7, 7, 1, 3, 7, 1, 20]",0
gRNA_0292,TGTCGGTTCGGCCTAGGATGTA,22,0.5454545454545454,12.807446941214707,0.37003286325327206,6.356942568250391,"[20, 7, 20, 3, 7, 7, 20, 20, 3, 7, 7, 3, 3, 20, 1, 7, 7, 1, 20, 7, 20, 1]",0
gRNA_0293,CACCCGTACGAAGGGGCACGGG,22,0.7272727272727273,74.9384906214438,0.04692993702646581,12.685886623183224,"[3, 1, 3, 3, 3, 7, 20, 1, 3, 7, 1, 1, 7, 7, 7, 7, 3, 1, 3, 7, 7, 7]",0
gRNA_0294,CTATCTCTCCAAAAGCGGAT,20,0.45,83.57258166424313,0.1326948699201469,6.1082595441410446,"[3, 20, 1, 20, 3, 20, 3, 20, 3, 3, 1, 1, 1, 1, 7, 3, 7, 7, 1, 20]",0
gRNA_0295,AACCGGTGAAATTCAGGGCGCA,22,0.5454545454545454,35.96166903989235,0.10420282544271571,7.553809339158716,"[1, 1, 3, 3, 7, 7, 20, 7, 1, 1, 1, 20, 20, 3, 1, 7, 7, 7, 3, 7, 3, 1]",0
gRNA_0296,AACCAGCCCGGCGCGCACCTT,21,0.7142857142857143,56.13728909757085,0.2091638620247464,9.341875170907187,"[1, 1, 3, 3, 1, 7, 3, 3, 3, 7, 7, 3, 7, 3, 7, 3, 1, 3, 3, 20, 20]",0
gRNA_0297,GCGCTCGACACTGTGAGAGAT,21,0.5714285714285714,4.132552724308386,0.05266778075207419,4.989299852957233,"[7, 3, 7, 3, 20, 3, 7, 1, 3, 1, 3, 20, 7, 20, 7, 1, 7, 1, 7, 1, 20]",0
gRNA_0298,AAGGGTGACGCCGACCAGAAG,21,0.6190476190476191,55.70918500712067,0.13346618415358621,2.992461375289742,"[1, 1, 7, 7, 7, 20, 7, 1, 3, 7, 3, 3, 7, 1, 3, 3, 1, 7, 1, 1, 7]",0
gRNA_0299,CAAAACCGTACCCGTTATCAC,21,0.47619047619047616,49.01257146960529,1.1928619909900915,7.023419274092835,"[3, 1, 1, 1, 1, 3, 3, 7, 20, 1, 3, 3, 3, 7, 20, 20, 1, 20, 3, 1, 3]",0
